{"coverage": 44.68704512372635, "raw_data": {"meta": {"format": 2, "version": "7.5.3", "timestamp": "2024-06-17T20:32:36.774844", "branch_coverage": false, "show_contexts": false}, "files": {"ocebuild/constants.py": {"executed_lines": [5, 7, 9, 11, 14, 15, 17, 19, 21, 23, 25, 26, 36, 38, 39, 42], "summary": {"covered_lines": 14, "num_statements": 14, "percent_covered": 100.0, "percent_covered_display": "100", "missing_lines": 0, "excluded_lines": 0}, "missing_lines": [], "excluded_lines": []}, "ocebuild/filesystem/archives.py": {"executed_lines": [5, 7, 8, 9, 10, 12, 14, 16, 17, 19, 22, 23, 40, 41, 44, 46, 49, 50, 57, 58, 59, 60, 63, 64, 66, 69, 72, 75], "summary": {"covered_lines": 27, "num_statements": 30, "percent_covered": 90.0, "percent_covered_display": "90", "missing_lines": 3, "excluded_lines": 0}, "missing_lines": [51, 52, 54], "excluded_lines": []}, "ocebuild/filesystem/cache.py": {"executed_lines": [5, 7, 9, 11, 13, 15, 18, 22, 23, 24, 26, 36, 39, 49, 50, 52, 53, 55, 56, 58, 69], "summary": {"covered_lines": 20, "num_statements": 32, "percent_covered": 62.5, "percent_covered_display": "62", "missing_lines": 12, "excluded_lines": 0}, "missing_lines": [40, 41, 43, 44, 45, 47, 60, 61, 62, 63, 65, 66], "excluded_lines": []}, "ocebuild/filesystem/posix.py": {"executed_lines": [5, 7, 8, 10, 12, 15, 34, 43, 44, 45, 46, 50, 71, 95, 132], "summary": {"covered_lines": 14, "num_statements": 44, "percent_covered": 31.818181818181817, "percent_covered_display": "32", "missing_lines": 30, "excluded_lines": 0}, "missing_lines": [27, 28, 29, 31, 48, 66, 67, 68, 69, 89, 90, 91, 92, 93, 114, 115, 116, 117, 118, 119, 120, 121, 122, 123, 124, 125, 126, 127, 128, 129], "excluded_lines": []}, "ocebuild/parsers/_lib.py": {"executed_lines": [5, 7, 9, 11, 14, 15, 17, 29, 30, 33, 34, 35, 36, 39, 40, 41, 42, 43, 45, 47, 49, 65, 66, 69, 71, 72, 73, 75, 76, 78, 79, 87, 90, 91, 93, 106, 108, 111, 112, 113, 114, 115, 116, 118, 119, 122], "summary": {"covered_lines": 45, "num_statements": 48, "percent_covered": 93.75, "percent_covered_display": "94", "missing_lines": 3, "excluded_lines": 0}, "missing_lines": [80, 82, 88], "excluded_lines": []}, "ocebuild/parsers/asl.py": {"executed_lines": [5, 7, 8, 10, 12, 13, 16, 18, 23, 28, 29, 31, 33, 34, 35, 37, 39, 40, 46, 47, 53, 54, 56, 57, 59, 60, 84, 92, 102, 103, 110, 111, 120, 121, 134, 135, 142, 143, 153, 174, 176, 177, 178, 181, 182, 186, 187, 189, 191, 193, 208, 214, 215, 217, 218, 220, 221, 222, 225, 226, 227, 229, 230, 233, 236, 237, 238, 240, 243, 245, 246, 247, 249, 251, 252, 255, 257, 259, 260, 262, 263, 264, 267, 268, 270, 271, 273, 276], "summary": {"covered_lines": 86, "num_statements": 86, "percent_covered": 100.0, "percent_covered_display": "100", "missing_lines": 0, "excluded_lines": 1}, "missing_lines": [], "excluded_lines": [251]}, "ocebuild/parsers/dict.py": {"executed_lines": [5, 7, 9, 12, 46, 59, 72, 73, 74, 75, 76, 77, 79, 87, 88, 89, 90, 91, 92, 94, 96, 98, 110, 136], "summary": {"covered_lines": 23, "num_statements": 57, "percent_covered": 40.35087719298246, "percent_covered_display": "40", "missing_lines": 34, "excluded_lines": 0}, "missing_lines": [24, 25, 26, 27, 28, 30, 31, 32, 33, 34, 35, 37, 38, 39, 41, 43, 44, 48, 50, 52, 53, 54, 55, 57, 107, 108, 120, 122, 124, 126, 128, 129, 131, 133], "excluded_lines": []}, "ocebuild/parsers/plist.py": {"executed_lines": [5, 7, 9, 11, 12, 15, 16, 18, 32, 33, 34, 35, 36, 38, 52, 55], "summary": {"covered_lines": 15, "num_statements": 15, "percent_covered": 100.0, "percent_covered_display": "100", "missing_lines": 0, "excluded_lines": 0}, "missing_lines": [], "excluded_lines": []}, "ocebuild/parsers/regex.py": {"executed_lines": [5, 7, 8, 10, 13, 20, 21, 23, 24, 25, 26, 28, 34, 36, 42, 45], "summary": {"covered_lines": 15, "num_statements": 15, "percent_covered": 100.0, "percent_covered_display": "100", "missing_lines": 0, "excluded_lines": 0}, "missing_lines": [], "excluded_lines": []}, "ocebuild/parsers/schema.py": {"executed_lines": [5, 7, 9, 11, 12, 13, 20, 42, 65, 91, 110, 139, 146, 181, 199, 236, 272, 288, 302, 388], "summary": {"covered_lines": 19, "num_statements": 157, "percent_covered": 12.101910828025478, "percent_covered_display": "12", "missing_lines": 138, "excluded_lines": 0}, "missing_lines": [32, 34, 35, 37, 40, 63, 87, 88, 89, 105, 106, 107, 108, 112, 113, 114, 119, 123, 126, 133, 141, 142, 143, 144, 156, 159, 161, 162, 164, 168, 169, 172, 175, 177, 179, 185, 186, 188, 190, 191, 192, 193, 194, 195, 197, 205, 211, 212, 214, 215, 216, 217, 218, 219, 221, 222, 223, 224, 225, 226, 228, 229, 232, 234, 240, 241, 242, 245, 246, 247, 248, 251, 252, 255, 256, 257, 258, 259, 261, 262, 263, 266, 276, 277, 278, 279, 281, 282, 283, 284, 286, 292, 293, 294, 295, 297, 298, 300, 325, 326, 327, 329, 331, 334, 335, 337, 339, 340, 341, 343, 345, 347, 348, 351, 353, 354, 356, 357, 358, 361, 362, 363, 364, 365, 366, 367, 369, 370, 372, 373, 374, 375, 376, 378, 380, 382, 383, 385], "excluded_lines": []}, "ocebuild/parsers/types.py": {"executed_lines": [5, 7, 8, 10, 13, 14, 16, 17, 19, 39, 41, 43, 44, 45, 46, 48, 50, 63, 65, 66, 71], "summary": {"covered_lines": 20, "num_statements": 22, "percent_covered": 90.9090909090909, "percent_covered_display": "91", "missing_lines": 2, "excluded_lines": 0}, "missing_lines": [64, 68], "excluded_lines": []}, "ocebuild/parsers/yaml.py": {"executed_lines": [5, 9, 11, 13, 15, 16, 17, 18, 21, 35, 36, 38, 40, 41, 42, 45, 47, 48, 51, 52, 54, 55, 57, 59, 63, 77, 78, 80, 82, 83, 84, 86, 88, 89, 90, 91, 92, 93, 94, 95, 96, 97, 98, 99, 100, 101, 102, 103, 142, 144, 163, 164, 165, 167, 168, 178, 179, 181, 182, 184, 185, 187, 188, 189, 192, 193, 194, 196, 197, 198, 199, 202, 203, 204, 206, 207, 209, 211, 212, 213, 214, 216, 217, 224, 226, 227, 229, 231, 232, 233, 236, 237, 238, 239, 241, 243, 244, 247, 248, 249, 250, 251, 254, 255, 258, 262, 263, 264, 265, 266, 267, 269, 270, 272, 274, 275, 289, 291, 292, 293, 294, 296, 390], "summary": {"covered_lines": 122, "num_statements": 209, "percent_covered": 58.3732057416268, "percent_covered_display": "58", "missing_lines": 87, "excluded_lines": 1}, "missing_lines": [39, 43, 44, 46, 49, 53, 58, 60, 105, 106, 107, 108, 110, 111, 112, 113, 114, 115, 116, 117, 119, 122, 123, 124, 128, 131, 137, 138, 139, 140, 256, 257, 259, 276, 278, 279, 282, 284, 287, 310, 312, 313, 316, 317, 320, 322, 324, 325, 326, 327, 330, 331, 334, 335, 337, 340, 342, 344, 345, 346, 348, 349, 352, 353, 354, 356, 357, 359, 360, 361, 362, 364, 365, 366, 367, 369, 371, 372, 374, 375, 376, 379, 380, 381, 382, 385, 387], "excluded_lines": [61]}, "ocebuild/pipeline/build.py": {"executed_lines": [5, 7, 8, 10, 12, 13, 14, 15, 16, 17, 19, 22, 29, 90, 122, 144], "summary": {"covered_lines": 15, "num_statements": 69, "percent_covered": 21.73913043478261, "percent_covered_display": "22", "missing_lines": 54, "excluded_lines": 0}, "missing_lines": [24, 25, 26, 27, 44, 45, 48, 49, 50, 53, 54, 55, 58, 59, 75, 77, 78, 79, 81, 82, 84, 85, 86, 88, 98, 99, 101, 102, 105, 106, 107, 108, 110, 111, 112, 113, 115, 117, 118, 120, 127, 128, 129, 130, 131, 132, 133, 134, 135, 136, 137, 138, 139, 141], "excluded_lines": []}, "ocebuild/pipeline/config.py": {"executed_lines": [5, 7, 9, 11, 12, 13, 14, 15, 16, 17, 18, 19, 21, 24, 30, 32, 76, 147, 182, 211, 263, 280, 294, 325, 341, 395], "summary": {"covered_lines": 25, "num_statements": 175, "percent_covered": 14.285714285714286, "percent_covered_display": "14", "missing_lines": 150, "excluded_lines": 1},